"","Suburb - Incident","sum(`Offence count`)"
"1","ABERFOYLE PARK",350
"2","ADELAIDE",7907
"3","ADELAIDE AIRPORT",192
"4","ALBERT PARK",98
"5","ALBERTON",256
"6","ALBION PARK RAIL",1
"7","ALDGATE",60
"8","ALDINGA",119
"9","ALDINGA BEACH",427
"10","ALEXANDRIA",1
"11","ALFORD",3
"12","ALICE SPRINGS",1
"13","ALLENBY GARDENS",96
"14","ALLENDALE EAST",7
"15","ALTONA",1
"16","ALTONA MEADOWS",1
"17","AMATA",156
"18","AMERICAN RIVER",3
"19","ANANGU PITJANTJATJARA YANKUNYTJATJARA",17
"20","ANDAMOOKA",6
"21","ANDREWS",2
"22","ANDREWS FARM",385
"23","ANGAS PLAINS",1
"24","ANGASTON",36
"25","ANGLE PARK",249
"26","ANGLE VALE",470
"27","ANNA BAY",1
"28","ANNADALE",1
"29","APOLLO BAY",1
"30","APPILA",5
"31","APY LANDS",1
"32","ARALUEN",1
"33","ARARAT",3
"34","ARDROSSAN",36
"35","ARMAGH",4
"36","ARNO BAY",4
"37","ARTHURTON",2
"38","ASCOT PARK",261
"39","ASHBOURNE",2
"40","ASHFORD",71
"41","ASHTON",11
"42","ATHELSTONE",128
"43","ATHOL PARK",156
"44","AUBURN",4
"45","AULDANA",20
"46","AVENUE RANGE",1
"47","AVOCA DELL",3
"48","BACK VALLEY",8
"49","BAGOT WELL",4
"50","BALAKLAVA",45
"51","BALD HILLS",1
"52","BALDINA",5
"53","BALGOWAN",1
"54","BALHANNAH",32
"55","BANGHAM",1
"56","BANKSIA PARK",49
"57","BARMERA",154
"58","BAROOTA",2
"59","BAROSSA",1
"60","BAROSSA GOLDFIELDS",3
"61","BASKET RANGE",7
"62","BAUDIN BEACH",4
"63","BEACHPORT",32
"64","BEATTY",1
"65","BEAUFORT",2
"66","BEAUMONT",73
"67","BEDFORD PARK",152
"68","BELAIR",104
"69","BELLEVUE HEIGHTS",28
"70","BELTANA",1
"71","BERRI",375
"72","BETHANY",2
"73","BETHEL",3
"74","BEULAH PARK",32
"75","BEVERLEY",142
"76","BIBARINGA",7
"77","BIG BEND",1
"78","BINNUM",1
"79","BIRDWOOD",35
"80","BIRKENHEAD",107
"81","BLACK FOREST",84
"82","BLACK POINT",2
"83","BLACK SPRINGS",1
"84","BLACKFELLOWS CAVES",1
"85","BLACKFORD",2
"86","BLACKWOOD",132
"87","BLAIR ATHOL",809
"88","BLAKEVIEW",535
"89","BLAKISTON",8
"90","BLANCHETOWN",15
"91","BLEWITT SPRINGS",10
"92","BLYTH",6
"93","BOATSWAIN POINT",2
"94","BOLIVAR",363
"95","BONDI",1
"96","BOOBOROWIE",4
"97","BOOKABIE",4
"98","BOOKPURNONG",4
"99","BOOL LAGOON",1
"100","BOOLEROO CENTRE",13
"101","BOONERDO",1
"102","BOORS PLAIN",4
"103","BORDERTOWN",110
"104","BORRIKA",2
"105","BOSTON",6
"106","BOWDEN",218
"107","BOWER",4
"108","BOWHILL",2
"109","BOWILLIA",1
"110","BOWMANS",12
"111","BRADBURY",5
"112","BRAHMA LODGE",208
"113","BRAMFIELD",3
"114","BRAY",1
"115","BRENTWOOD",1
"116","BRIDGEMAN DOWNS",1
"117","BRIDGEWATER",40
"118","BRIGHT",4
"119","BRIGHTON",373
"120","BRINKLEY",2
"121","BRINKWORTH",8
"122","BROADVIEW",260
"123","BROADWAY",1
"124","BROKEN HILL",1
"125","BROMPTON",525
"126","BROOKLYN PARK",350
"127","BROOKTON",1
"128","BROUGHTON RIVER VALLEY",2
"129","BROWN HILL CREEK",2
"130","BROWNLOW KI",3
"131","BRUKUNGA",7
"132","BUCHANAN",1
"133","BUCHFELDE",11
"134","BUCKINGHAM",3
"135","BUCKLAND PARK",42
"136","BUDGEWOI",2
"137","BUGLE HUT",2
"138","BUGLE RANGES",1
"139","BULL CREEK",1
"140","BUNDEY",1
"141","BUNGALOW",1
"142","BURDETT",8
"143","BURNS BEACH",1
"144","BURNSIDE",78
"145","BURRA",31
"146","BURRA EASTERN DISTRICTS",1
"147","BURRUNGULE",6
"148","BURTON",345
"149","BUTE",12
"150","CADELL",18
"151","CALLINGTON",12
"152","CALOMBA",2
"153","CALOOTE",3
"154","CALTOWIE",1
"155","CAMBRAI",10
"156","CAMDEN PARK",151
"157","CAMMERAY",1
"158","CAMPBELLTOWN",436
"159","CANNAWIGARA",7
"160","CANUNDA",2
"161","CAPE JERVIS",11
"162","CARAWA",1
"163","CAREY GULLY",5
"164","CAROLINE",3
"165","CARPENTER ROCKS",7
"166","CARRICKALINGA",11
"167","CARRIEWERLOO",1
"168","CASSINI",1
"169","CASTAMBUL",4
"170","CAURNAMONT",2
"171","CAVAN",162
"172","CAVETON",1
"173","CAWDOR",2
"174","CEDUNA",702
"175","CEDUNA WATERS",7
"176","CHAFFEY",15
"177","CHAIN OF PONDS",1
"178","CHANDLERS HILL",4
"179","CHAPEL HILL",1
"180","CHAPMAN BORE",1
"181","CHARLESTON",3
"182","CHARLTON GULLY",3
"183","CHELTENHAM",103
"184","CHERMSIDE",1
"185","CHERRY GARDENS",7
"186","CHITON",11
"187","CHRISTIE DOWNS",761
"188","CHRISTIES BEACH",747
"189","CHRISTIES DOWNS",1
"190","CLAPHAM",32
"191","CLARE",84
"192","CLARENCE GARDENS",113
"193","CLARENCE PARK",138
"194","CLARENDON",11
"195","CLAYTON BAY",8
"196","CLEARVIEW",320
"197","CLELAND",5
"198","CLEVE",8
"199","CLINTON",2
"200","CLOVELLY PARK",180
"201","COBAR",1
"202","COBDOGLA",14
"203","COCKATOO VALLEY",10
"204","COFFIN BAY",22
"205","COLEBATCH",6
"206","COLES",2
"207","COLLEGE PARK",36
"208","COLLINSWOOD",86
"209","COLONEL LIGHT GARDENS",62
"210","COMAUM",2
"211","COMMONWEALTH HILL",4
"212","COMPTON",11
"213","CONCORDIA",3
"214","CONMURRA",2
"215","COOBER PEDY",603
"216","COOBOWIE",1
"217","COOBPER PEDY",2
"218","COOK",1
"219","COOKE PLAINS",3
"220","COOLTONG",10
"221","COOMANDOOK",7
"222","COOMBE",1
"223","COOMUNGA",4
"224","COONABIDGEE",1
"225","COONALPYN",9
"226","COONAMIA",1
"227","COONAWARRA",1
"228","COORABIE",3
"229","COORONG",1
"230","COPLEY",11
"231","CORNY POINT",1
"232","COROMANDEL EAST",3
"233","COROMANDEL VALLEY",36
"234","CORUNNA STATION",1
"235","COULTA",1
"236","COWANDILLA",93
"237","COWARIE",1
"238","COWELL",29
"239","COWIRRA",2
"240","CRAFERS",60
"241","CRAFERS WEST",9
"242","CRAIGBURN FARM",38
"243","CRAIGIEBURN",1
"244","CRAIGMORE",504
"245","CRESCENT",3
"246","CROMER",1
"247","CROSS ROADS",1
"248","CROYDON",111
"249","CROYDON PARK",284
"250","CRYSTAL BROOK",22
"251","CUDLEE CREEK",12
"252","CUDLLE CREEK",1
"253","CULTANA",1
"254","CUMBERLAND PARK",162
"255","CUMMINS",9
"256","CUNGENA",1
"257","CURRAMULKA",2
"258","CURRENCY CREEK",8
"259","CYGNET RIVER",4
"260","D'ESTREES BAY",1
"261","DANDENONG NORTH",1
"262","DARKE PEAK",3
"263","DARLINGTON",123
"264","DAVENPORT",89
"265","DAVERON PARK",2
"266","DAVEYSTON",1
"267","DAVOREN PARK",997
"268","DAVOREN PARLK",1
"269","DAW PARK",77
"270","DAWESLEY",3
"271","DE ROSE HILL",1
"272","DEEP CREEK",1
"273","DELAMERE",7
"274","DENIAL BAY",4
"275","DERNANCOURT",132
"276","DEVLINS POUND",2
"277","DEVON PARK",129
"278","DINGABLEDINGA",1
"279","DIREK",98
"280","DISMAL SWAMP",3
"281","DONOVANS",4
"282","DOUBLEVIEW",1
"283","DOVER GARDENS",105
"284","DOWLINGVILLE",2
"285","DRY CREEK",154
"286","DUBLIN",20
"287","DUCK PONDS",7
"288","DUDLEY EAST",1
"289","DUDLEY PARK",61
"290","DUDLEY WEST",1
"291","DULWICH",46
"292","DUTTON",2
"293","EAST MOONTA",2
"294","EASTWOOD",78
"295","EBENEZER",4
"296","ECHUCA",2
"297","ECHUNGA",13
"298","EDEN HILLS",79
"299","EDEN VALLEY",1
"300","EDENHOPE",1
"301","EDILLILIE",3
"302","EDINBURGH",56
"303","EDINBURGH NORTH",53
"304","EDITHBURGH",12
"305","EDWARDSTOWN",624
"306","EIGHT MILE CREEK",4
"307","ELIZABETH",1374
"308","ELIZABETH DOWNS",537
"309","ELIZABETH EAST",485
"310","ELIZABETH GROVE",285
"311","ELIZABETH NORTH",416
"312","ELIZABETH PARK",449
"313","ELIZABETH SOUTH",527
"314","ELIZABETH VALE",717
"315","ELLISTON",15
"316","ELWOMPLE",4
"317","EMU BAY",1
"318","EMU DOWNS",2
"319","ENCOUNTER BAY",45
"320","ENFIELD",447
"321","ERINDALE",19
"322","ERITH",1
"323","ERNABELLA",1
"324","ETHELTON",57
"325","EUDUNDA",26
"326","EURELIA",2
"327","EVANDALE",70
"328","EVANSTON",272
"329","EVANSTON GARDENS",115
"330","EVANSTON PARK",171
"331","EVANSTON SOUTH",22
"332","EVERARD PARK",93
"333","EXETER",150
"334","EYRE",158
"335","FAIRVIEW PARK",75
"336","FALSE BAY",1
"337","FARRELL FLAT",1
"338","FELIXSTOW",134
"339","FERRYDEN PARK",261
"340","FINDON",724
"341","FINNISS",4
"342","FIRLE",87
"343","FISHER",11
"344","FISHERMAN BAY",6
"345","FITZGERALD BAY",3
"346","FITZROY",31
"347","FLAGSTAFF HILL",159
"348","FLAXLEY",11
"349","FLAXMAN VALLEY",3
"350","FLINDERS PARK",249
"351","FLINTON",1
"352","FORDS",2
"353","FOREST RANGE",2
"354","FORESTVILLE",49
"355","FORRESTON",9
"356","FORSTER",1
"357","FOWLERS BAY",2
"358","FOX",5
"359","FRAHNS",1
"360","FRANCES",2
"361","FRANKSTON",2
"362","FRAYVILLE",1
"363","FREELING",47
"364","FREWVILLE",78
"365","FULHAM",136
"366","FULHAM GARDENS",191
"367","FULLARTON",199
"368","GARDEN ISLAND",1
"369","GARGETT",1
"370","GAWLER",340
"371","GAWLER BELT",34
"372","GAWLER EAST",177
"373","GAWLER RIVER",4
"374","GAWLER SOUTH",143
"375","GAWLER WEST",79
"376","GEELONG WEST",1
"377","GEMMELLS",3
"378","GEORGETOWN",3
"379","GEPPS CROSS",409
"380","GERANIUM",5
"381","GERANIUM PLAINS",4
"382","GERARD",5
"383","GIDGEALPA",1
"384","GIFFORD HILL",2
"385","GILBERTON",172
"386","GILES CORNER",1
"387","GILLES PLAINS",367
"388","GILLMAN",36
"389","GLADSTONE",24
"390","GLANDORE",412
"391","GLANVILLE",59
"392","GLEN OSMOND",189
"393","GLENALTA",22
"394","GLENBURNIE",19
"395","GLENCOE",8
"396","GLENDAMBO",10
"397","GLENELG",723
"398","GLENELG EAST",182
"399","GLENELG NORTH",299
"400","GLENELG SOUTH",130
"401","GLENGOWRIE",222
"402","GLENROY",2
"403","GLENSIDE",353
"404","GLENUNGA",164
"405","GLOBE DERBY PARK",18
"406","GLOSSOP",42
"407","GLYNDE",83
"408","GOLDEN GROVE",487
"409","GOLDEN HEIGHTS",5
"410","GOOD HOPE LANDING",1
"411","GOODWOOD",178
"412","GOOLWA",143
"413","GOOLWA BEACH",42
"414","GOOLWA NORTH",15
"415","GOOLWA SOUTH",43
"416","GOULD CREEK",11
"417","GRANGE",203
"418","GREEN FIELDS",60
"419","GREEN HILLS RANGE",1
"420","GREENACRES",382
"421","GREENHILL",2
"422","GREENOCK",12
"423","GREENWITH",128
"424","GREGORY HILLS",2
"425","GULFVIEW HEIGHTS",84
"426","GULNARE",1
"427","GUM CREEK",1
"428","GUMERACHA",8
"429","HACKHAM",257
"430","HACKHAM WEST",306
"431","HACKNEY",78
"432","HAHNDORF",42
"433","HAINES",3
"434","HALLET COVE",1
"435","HALLETT",3
"436","HALLETT COVE",309
"437","HAMLEY BRIDGE",16
"438","HAMPSTEAD GARDENS",79
"439","HAPPY VALLEY",184
"440","HARCOURT",1
"441","HARDWICKE BAY",1
"442","HARROGATE",3
"443","HART",1
"444","HARTLEY",3
"445","HATHERLEIGH",2
"446","HAWKER",9
"447","HAWSON",1
"448","HAWTHORN",102
"449","HAWTHORNDENE",17
"450","HAWTHORNE EAST",1
"451","HAY FLAT",3
"452","HAYBOROUGH",74
"453","HAZELWOOD PARK",38
"454","HEATHFIELD",24
"455","HEATHPOOL",8
"456","HECTORVILLE",210
"457","HENDON",69
"458","HENLEY BEACH",343
"459","HENLEY BEACH SOUTH",134
"460","HEWETT",57
"461","HIGHBURY",122
"462","HIGHGATE",34
"463","HIGHLAND VALLEY",5
"464","HILL RIVER",2
"465","HILLBANK",487
"466","HILLCREST",248
"467","HILLIER",36
"468","HILLTOWN",2
"469","HILTON",190
"470","HINDMARSH",454
"471","HINDMARSH ISLAND",21
"472","HINDMARSH TIERS",3
"473","HINDMARSH VALLEY",14
"474","HOLDEN HILL",247
"475","HOLDER SIDING",1
"476","HOLTZE",1
"477","HOPE GAP",1
"478","HOPE VALLEY",243
"479","HORNSDALE",1
"480","HORSHAM",1
"481","HOUGHTON",6
"482","HOVE",119
"483","HOYLETON",2
"484","HUMBUG SCRUB",19
"485","HUNTFIELD HEIGHTS",221
"486","HYDE PARK",60
"487","HYNAM",2
"488","INDULKANA",4
"489","INGLE FARM",642
"490","INGLEWOOD",9
"491","INGOMAR",3
"492","INKERMAN",3
"493","INMAN VALLEY",4
"494","INNAMINCKA",1
"495","INNESTON",2
"496","IRAN",1
"497","IRON BARON",1
"498","IRON KNOB",7
"499","IRONBANK",3
"500","ISLAND BEACH",2
"501","IWANTJA",125
"502","JABUK",2
"503","JAMES WELL",1
"504","JAMESTOWN",42
"505","JERICHO",4
"506","JERUSALEM",13
"507","JERVOIS",7
"508","JINDALEE",1
"509","JOANNA",8
"510","JOSLIN",41
"511","JULIA",1
"512","JUPITER CREEK",5
"513","KADINA",145
"514","KALANBI",1
"515","KALANGADOO",4
"516","KALBEEBA",6
"517","KALKA",9
"518","KALKAROO",1
"519","KALTJITI",80
"520","KANGARILLA",13
"521","KANGAROO FLAT",2
"522","KANMANTOO",11
"523","KANNI",1
"524","KANPI",13
"525","KAPUNDA",118
"526","KARCULTABY",1
"527","KAROONDA",13
"528","KARTE",1
"529","KATUNGA",1
"530","KEILIRA",2
"531","KEITH",64
"532","KELLIDIE BAY",2
"533","KELLY",1
"534","KENSINGTON",66
"535","KENSINGTON GARDENS",58
"536","KENSINGTON PARK",57
"537","KENT TOWN",218
"538","KENTON VALLEY",2
"539","KEPA",3
"540","KEPPOCH",2
"541","KERSBROOK",11
"542","KESWICK",70
"543","KESWICK TERMINAL",33
"544","KETTERING",7
"545","KEYNETON",2
"546","KIDMAN PARK",139
"547","KILBURN",1045
"548","KILKENNY",382
"549","KIMBA",20
"550","KINGOONYA",3
"551","KINGS PARK",18
"552","KINGSCOTE",89
"553","KINGSFORD",3
"554","KINGSTON ON MURRAY",6
"555","KINGSTON PARK",22
"556","KINGSTON SE",24
"557","KINGSWOOD",87
"558","KLEMZIG",334
"559","KONGORONG",1
"560","KOOLUNGA",2
"561","KOONIBBA",25
"562","KOONUNGA",1
"563","KOORINE",3
"564","KOOTABERRA",1
"565","KORUNYE",9
"566","KUDLA",33
"567","KUITPO",14
"568","KUITPO COLONY",5
"569","KULPARA",3
"570","KURRALTA PARK",335
"571","KYANCUTTA",1
"572","KYBYBOLITE",2
"573","KYEEMA",2
"574","LAFFER",4
"575","LAKE EACHAM",1
"576","LAKE PLAINS",1
"577","LAMEROO",14
"578","LANGHORNE CREEK",11
"579","LANGKOOP",1
"580","LARGS BAY",271
"581","LARGS NORTH",176
"582","LAURA",7
"583","LEABROOK",25
"584","LEAWOOD GARDENS",20
"585","LEIGH CREEK",11
"586","LEIGH CREEK STATION",6
"587","LEIGHTON",1
"588","LENSWOOD",3
"589","LEWISTON",73
"590","LIGHT PASS",15
"591","LIGHTSVIEW",271
"592","LINCOLN GAP",2
"593","LINCOLN NATIONAL PARK",2
"594","LINDEN PARK",61
"595","LIPSON",3
"596","LITTLEHAMPTON",80
"597","LOBETHAL",25
"598","LOCHABER",2
"599","LOCHIEL",9
"600","LOCK",5
"601","LOCKLEYS",140
"602","LONG FLAT",3
"603","LONG PLAINS",2
"604","LONGREACH",1
"605","LONGWOOD",4
"606","LONSDALE",208
"607","LOUTH BAY",7
"608","LOVEDAY",13
"609","LOWER HERMITAGE",8
"610","LOWER LIGHT",17
"611","LOWER MITCHAM",43
"612","LOXTON",161
"613","LOXTON NORTH",11
"614","LUCINDALE",8
"615","LYNDOCH",59
"616","LYNTON",15
"617","LYRUP",6
"618","MAAOUPE",2
"619","MACCLESFIELD",23
"620","MACDONALD PARK",17
"621","MACGILLIVRAY",1
"622","MAGILL",232
"623","MAITLAND",48
"624","MAKIN",1
"625","MALLALA",17
"626","MALVERN",73
"627","MALVERN EAST",1
"628","MAMBRAY CREEK",1
"629","MANGALO",1
"630","MANNA HILL",1
"631","MANNANARIE",2
"632","MANNINGHAM",50
"633","MANNUM",123
"634","MANOORA",2
"635","MANSFIELD PARK",286
"636","MARAMA",1
"637","MARANANGA",2
"638","MARDEN",135
"639","MARINO",34
"640","MARION",240
"641","MARION BAY",5
"642","MARKS LANDING",1
"643","MARLA",19
"644","MARLESTON",102
"645","MARRABEL",3
"646","MARREE",3
"647","MARRYATVILLE",19
"648","MASLIN BEACH",24
"649","MATTA FLAT",8
"650","MAUDE",1
"651","MAUDSLAND",1
"652","MAWSON LAKES",829
"653","MAYLANDS",70
"654","MCBEAN POUND",1
"655","MCCRACKEN",46
"656","MCHARG CREEK",1
"657","MCLAREN FLAT",6
"658","MCLAREN VALE",116
"659","MEADOWS",24
"660","MEDINDIE",62
"661","MEDINDIE GARDENS",11
"662","MELBOURNE",2
"663","MELROSE",8
"664","MELROSE PARK",129
"665","MENINGIE",38
"666","MERGHINY",1
"667","MERIBAH",1
"668","MERMAID BEACH",1
"669","MERRITON",1
"670","MICKLEHAM",1
"671","MIDDLE BEACH",12
"672","MIDDLETON",27
"673","MIL-LEL",3
"674","MILANG",29
"675","MILE END",493
"676","MILE END SOUTH",132
"677","MILENDELLA",1
"678","MILLICENT",215
"679","MILLSWOOD",57
"680","MILTON",1
"681","MIMILI",67
"682","MINBRIE",4
"683","MINDARIE",1
"684","MINGBOOL",1
"685","MINLATON",13
"686","MINNIPA",5
"687","MINTARO",3
"688","MINTO",1
"689","MIRANDA",1
"690","MITCHAM",60
"691","MITCHELL",1
"692","MITCHELL PARK",338
"693","MOANA",100
"694","MOCULTA",2
"695","MODBURY",908
"696","MODBURY HEIGHTS",140
"697","MODBURY NORTH",183
"698","MOE",1
"699","MONARTO",6
"700","MONARTO SOUTH",11
"701","MONASH",31
"702","MONBULLA",1
"703","MONTACUTE",2
"704","MONTEITH",7
"705","MOOMBA",2
"706","MOONTA",62
"707","MOONTA BAY",41
"708","MOONTA MINES",7
"709","MOORABBIN",1
"710","MOORAK",20
"711","MOORLANDS",5
"712","MOOROOK",5
"713","MOOROOK SOUTH",3
"714","MOPPA",2
"715","MORGAN",26
"716","MORLEY",2
"717","MORN HILL",1
"718","MORPHETT VALE",1668
"719","MORPHETTVILLE",140
"720","MOSELEY",7
"721","MOSQUITO HILL",2
"722","MOUNT BARKER",669
"723","MOUNT BARKER SPRINGS",2
"724","MOUNT BARKER SUMMIT",1
"725","MOUNT BENSON",1
"726","MOUNT BRYAN",12
"727","MOUNT BURR",10
"728","MOUNT COMPASS",28
"729","MOUNT CRAWFORD",2
"730","MOUNT GAMBIER",1580
"731","MOUNT GEORGE",5
"732","MOUNT IVE",1
"733","MOUNT JAGGED",4
"734","MOUNT LOFTY",1
"735","MOUNT MAGNIFICENT",2
"736","MOUNT MARY",5
"737","MOUNT MCINTYRE",2
"738","MOUNT MCKENZIE",2
"739","MOUNT OSMOND",15
"740","MOUNT PLEASANT",4
"741","MOUNT SCHANK",2
"742","MOUNT TEMPLETON",1
"743","MOUNT TORRENS",7
"744","MOUNT WAVERLEY",1
"745","MOUNT WILLOUGHBY",2
"746","MOYHALL",2
"747","MUDAMUCKLA",1
"748","MULGRAVE",1
"749","MULLAQUANA",6
"750","MUMBANNAR",1
"751","MUNDARING",1
"752","MUNDOORA",2
"753","MUNDULLA",8
"754","MUNNO PARA",799
"755","MUNNO PARA DOWNS",16
"756","MUNNO PARA WEST",298
"757","MURBKO",6
"758","MURDINGA",2
"759","MURPUTJA",1
"760","MURRAWONG",1
"761","MURRAY BRIDGE",1623
"762","MURRAY BRIDGE EAST",55
"763","MURRAY BRIDGE NORTH",2
"764","MURRAY BRIDGE SOUTH",13
"765","MURTHO",3
"766","MUSTON",2
"767","MYERS FLAT",1
"768","MYLOR",16
"769","MYPOLONGA",9
"770","MYPONGA",32
"771","MYRTLE BANK",70
"772","NAILSWORTH",173
"773","NAIN",1
"774","NAIRNE",81
"775","NALPA",1
"776","NALYAPPA",2
"777","NANGKITA",2
"778","NANGWARRY",21
"779","NANNEELLA",1
"780","NANTAWARRA",2
"781","NAPPERBY",25
"782","NARACOORTE",140
"783","NARRUNG",3
"784","NEALES FLAT",1
"785","NELSHABY",1
"786","NEPABUNNA",7
"787","NEPEAN BAY",7
"788","NETHERBY",50
"789","NETHERTON",1
"790","NETLEY",68
"791","NEW PORT",42
"792","NEW TOWN",25
"793","NEWLAND",1
"794","NEWTON",322
"795","NGUNNAWAL",1
"796","NILDOTTIE",1
"797","NINNES",3
"798","NOARLUNGA CENTRE",914
"799","NOARLUNGA DOWNS",247
"800","NORMANVILLE",40
"801","NORTH ADELAIDE",822
"802","NORTH BALGOWLAH",1
"803","NORTH BEACH",5
"804","NORTH BLINMAN",1
"805","NORTH BRIGHTON",134
"806","NORTH HAVEN",185
"807","NORTH MOONTA",22
"808","NORTH PLYMPTON",116
"809","NORTH SHIELDS",29
"810","NORTHERN HEIGHTS",17
"811","NORTHFIELD",369
"812","NORTHGATE",126
"813","NORTON SUMMIT",6
"814","NORWOOD",586
"815","NOT DISCLOSED",2509
"816","NOVAR GARDENS",150
"817","NULLARBOR",5
"818","NURIOOTPA",248
"819","NYAPARI",7
"820","O'HALLORAN HILL",145
"821","O'SULLIVAN BEACH",106
"822","O'SULLIVANS BEACH",1
"823","OAK VALLEY",3
"824","OAKBANK",10
"825","OAKDEN",117
"826","OAKDEN HILLS",1
"827","OAKLANDS PARK",1368
"828","OB FLAT",1
"829","OLD CALPERUM",5
"830","OLD NOARLUNGA",122
"831","OLD REYNELLA",350
"832","OLYMPIC DAM",8
"833","ONE TREE HILL",32
"834","ONKAPARINGA",2
"835","ONKAPARINGA HILLS",40
"836","OODLA WIRRA",1
"837","OODNADATTA",10
"838","ORROROO",7
"839","OSBORNE",102
"840","OTTOWAY",171
"841","OUTER HARBOR",14
"842","OVERLAND CORNER",5
"843","OVINGHAM",117
"844","OWEN",15
"845","PADTHAWAY",3
"846","PAGES FLAT",2
"847","PAISLEY",9
"848","PALLAMANA",2
"849","PALMER",5
"850","PANITYA",1
"851","PANORAMA",70
"852","PARA HILLS",434
"853","PARA HILLS WEST",419
"854","PARA VISTA",171
"855","PARACOMBE",15
"856","PARADISE",265
"857","PARAFIELD",215
"858","PARAFIELD GARDENS",874
"859","PARAHILLS",1
"860","PARALOWIE",1177
"861","PARAMATTA",1
"862","PARAWA",2
"863","PARHAM",5
"864","PARILLA",4
"865","PARINGA",24
"866","PARIS CREEK",2
"867","PARK HOLME",303
"868","PARKHOLME",1
"869","PARKSIDE",223
"870","PARNDANA",3
"871","PASADENA",183
"872","PASKEVILLE",8
"873","PATA",2
"874","PAYNEHAM",64
"875","PAYNEHAM SOUTH",44
"876","PEAKE",4
"877","PEKINA",1
"878","PELICAN LAGOON",3
"879","PELICAN POINT",1
"880","PELLARING FLAT",1
"881","PENFIELD",57
"882","PENFIELD GARDENS",13
"883","PENNESHAW",8
"884","PENNINGTON",306
"885","PENOLA",38
"886","PENONG",8
"887","PENRICE",8
"888","PERNATTY",1
"889","PERTH",2
"890","PETERBOROUGH",67
"891","PETERHEAD",66
"892","PETERSVILLE",1
"893","PETHERICK",1
"894","PETWOOD",1
"895","PEWSEY VALE",1
"896","PICCADILLY",6
"897","PIKE RIVER",2
"898","PIMBA",4
"899","PINE POINT",1
"900","PINERY",4
"901","PINKAWILLINIE",1
"902","PINKERTON PLAINS",1
"903","PINNAROO",9
"904","PIPALYATJARA",56
"905","PIRIE EAST",2
"906","PLYMPTON",377
"907","PLYMPTON PARK",195
"908","POINT BOSTON",3
"909","POINT LOWLY",1
"910","POINT PASS",2
"911","POINT PEARCE",24
"912","POINT SOUTTAR",1
"913","POINT TURTON",2
"914","POLTALLOCH",1
"915","POMPOOTA",3
"916","PONDE",1
"917","POOCHERA",3
"918","POOGINOOK",1
"919","POONINDIE",4
"920","POORAKA",595
"921","PORT ADELAIDE",613
"922","PORT AUGUSTA",2445
"923","PORT AUGUSTA WEST",809
"924","PORT BONYTHON",1
"925","PORT BROUGHTON",24
"926","PORT DOUGLAS",1
"927","PORT ELLIOT",52
"928","PORT GAWLER",9
"929","PORT GERMEIN",13
"930","PORT HUGHES",19
"931","PORT KENNY",2
"932","PORT LINCOLN",1890
"933","PORT MACDONNELL",17
"934","PORT MANNUM",6
"935","PORT NEILL",4
"936","PORT NOARLUNGA",165
"937","PORT NOARLUNGA SOUTH",110
"938","PORT PATERSON",10
"939","PORT PIRIE",217
"940","PORT PIRIE SOUTH",208
"941","PORT PIRIE WEST",208
"942","PORT VICTORIA",7
"943","PORT VINCENT",7
"944","PORT WAKEFIELD",97
"945","PORT WILLUNGA",65
"946","PORTER LAGOON",1
"947","PRESTON",1
"948","PRICE",8
"949","PROSPECT",1106
"950","PROSPECT HILL",2
"951","PUCKAPUNYAL",1
"952","PUKATJA",124
"953","PUNYELROO",5
"954","PURNONG",3
"955","PYAP",2
"956","PYAP WEST",1
"957","QUEENSTOWN",97
"958","QUORN",31
"959","RAMCO",4
"960","RAMSAY",1
"961","RANDWICK",1
"962","RAPID BAY",4
"963","RED CREEK",2
"964","REDBANKS",2
"965","REDHILL",8
"966","REDWOOD PARK",92
"967","REEDY CREEK",3
"968","REEVES PLAINS",4
"969","REGENCY PARK",60
"970","REID",8
"971","RENDELSHAM",6
"972","RENMARK",352
"973","RENMARK NORTH",8
"974","RENMARK SOUTH",12
"975","RENMARK WEST",33
"976","RENOWN PARK",184
"977","REYNELLA",204
"978","REYNELLA EAST",48
"979","RHYNIE",1
"980","RICHMOND",188
"981","RIDGEHAVEN",155
"982","RIDLEYTON",330
"983","RIPLEY",1
"984","RISDON PARK",205
"985","RISDON PARK SOUTH",51
"986","RIVERBEND",1
"987","RIVERGLADES",10
"988","RIVERGLEN",1
"989","RIVERLEA",1
"990","RIVERLEA PARK",14
"991","RIVERTON",8
"992","ROBE",27
"993","ROBERTSTOWN",15
"994","ROCKLEIGH",5
"995","ROCKY CAMP",1
"996","ROCKY GULLY",7
"997","ROSE PARK",65
"998","ROSEBERY",1
"999","ROSEDALE",1
"1000","ROSETOWN",10
"1001","ROSEWATER",399
"1002","ROSEWORTHY",42
"1003","ROSSLYN PARK",17
"1004","ROSTREVOR",155
"1005","ROWLAND FLAT",1
"1006","ROXBY DOWNS",113
"1007","ROYAL PARK",213
"1008","ROYSTON PARK",74
"1009","SADDLEWORTH",14
"1010","SAINT AGNES",1
"1011","SAINTS",2
"1012","SALISBURY",1636
"1013","SALISBURY DOWNS",869
"1014","SALISBURY EAST",391
"1015","SALISBURY HEIGHTS",121
"1016","SALISBURY NORTH",792
"1017","SALISBURY PARK",142
"1018","SALISBURY PLAIN",148
"1019","SALISBURY PLAINS",1
"1020","SALISBURY SOUTH",40
"1021","SALT CREEK",1
"1022","SALTER SPRINGS",1
"1023","SANDALWOOD",2
"1024","SANDERGROVE",4
"1025","SANDERSTON",3
"1026","SANDILANDS",1
"1027","SANDY CREEK",6
"1028","SCOTT CREEK",3
"1029","SEACLIFF",81
"1030","SEACLIFF PARK",135
"1031","SEACOMBE GARDENS",179
"1032","SEACOMBE HEIGHTS",46
"1033","SEAFORD",385
"1034","SEAFORD HEIGHTS",37
"1035","SEAFORD MEADOWS",261
"1036","SEAFORD RISE",216
"1037","SEATON",676
"1038","SEAVIEW DOWNS",136
"1039","SEBASTOPOL",3
"1040","SECOND VALLEY",3
"1041","SEDAN",9
"1042","SEFTON PARK",155
"1043","SELLICKS BEACH",57
"1044","SELLICKS HILL",3
"1045","SEMAPHORE",203
"1046","SEMAPHORE PARK",388
"1047","SEMAPHORE SOUTH",72
"1048","SENIOR",1
"1049","SERVICETON",1
"1050","SEVENHILL",1
"1051","SHEA-OAK LOG",2
"1052","SHEIDOW PARK",166
"1053","SHERINGA",2
"1054","SHERLOCK",2
"1055","SINGLETON",1
"1056","SKYE",4
"1057","SLEAFORD",5
"1058","SLEAFORD BAY",3
"1059","SMITHFIELD",958
"1060","SMITHFIELD PLAINS",330
"1061","SMOKY BAY",6
"1062","SNOWTOWN",21
"1063","SOLOMON",1
"1064","SOLOMONTOWN",124
"1065","SOMERTON PARK",216
"1066","SORRENTO",1
"1067","SOUTH BRIGHTON",84
"1068","SOUTH HUMMOCKS",1
"1069","SOUTH KILKERRAN",8
"1070","SOUTH PLYMPTON",202
"1071","SOUTHEND",2
"1072","SPALDING",7
"1073","SPENCE",3
"1074","SPRING HILL",1
"1075","SPRINGFIELD",18
"1076","SPRINGTON",8
"1077","SQUARE MILE",1
"1078","ST AGNES",158
"1079","ST CLAIR",296
"1080","ST GEORGES",18
"1081","ST IVES",2
"1082","ST JOHNS",1
"1083","ST KILDA",25
"1084","ST MARYS",301
"1085","ST MORRIS",33
"1086","ST PETERS",153
"1087","STANHOPE GARDENS",1
"1088","STANSBURY",18
"1089","STATE ONLY",1
"1090","STEELTON",1
"1091","STEINFELD",1
"1092","STEPNEY",96
"1093","STEWART RANGE",3
"1094","STIRLING",106
"1095","STIRLING NORTH",68
"1096","STOCKPORT",10
"1097","STOCKWELL",1
"1098","STOCKYARD PLAIN",1
"1099","STOKES BAY",2
"1100","STONE WELL",2
"1101","STONYFELL",14
"1102","STRATHABYLN",1
"1103","STRATHALBYN",230
"1104","STREAKY BAY",28
"1105","STURT",142
"1106","SUMMERTOWN",7
"1107","SUNLANDS",7
"1108","SUNNYBRAE",1
"1109","SUNNYDALE",3
"1110","SURREY DOWNS",189
"1111","SUTHERLANDS",1
"1112","SUTTONTOWN",24
"1113","SWAN REACH",3
"1114","SWANPORT",4
"1115","SYDNEY",2
"1116","TAILEM BEND",165
"1117","TAMWORTH",1
"1118","TANTANOOLA",12
"1119","TANUNDA",67
"1120","TAPEROO",465
"1121","TAPLAN",2
"1122","TARCOOLA",4
"1123","TARCOWIE",1
"1124","TARLEE",3
"1125","TARPEENA",6
"1126","TATACHILLA",5
"1127","TAYLORVILLE",3
"1128","TEA TREE GULLY",122
"1129","TEAL FLAT",1
"1130","TEMPLERS",4
"1131","TENNYSON",41
"1132","TEPKO",3
"1133","TERINGIE",8
"1134","TEROWIE",10
"1135","THE RANGE",4
"1136","THEBARTON",236
"1137","THEVENARD",78
"1138","THOMPSON BEACH",9
"1139","THORNGATE",61
"1140","THORNLEA",5
"1141","THRINGTON",2
"1142","TIATUKIA",4
"1143","TICKERA",1
"1144","TIDDY WIDDY BEACH",5
"1145","TINANA",1
"1146","TINTINARA",10
"1147","TOCUMWAL",1
"1148","TONSLEY",77
"1149","TOOPERANG",4
"1150","TOORAK GARDENS",82
"1151","TORRENS ISLAND",1
"1152","TORRENS PARK",128
"1153","TORRENS VALE",3
"1154","TORRENSVILLE",489
"1155","TOTHILL CREEK",1
"1156","TOTNESS",38
"1157","TOWNSVILLE",1
"1158","TRANMERE",142
"1159","TRINITY GARDENS",81
"1160","TROTT PARK",36
"1161","TRURO",9
"1162","TULKA",2
"1163","TUMBY BAY",22
"1164","TUNGKILLO",3
"1165","TUNKALILLA",1
"1166","TUSMORE",31
"1167","TWO WELLS",100
"1168","ULEY",2
"1169","ULEYBURY",18
"1170","UMUWA",4
"1171","UNDERDALE",156
"1172","UNDERWOOD",2
"1173","UNGARRA",2
"1174","UNLEY",287
"1175","UNLEY PARK",35
"1176","UPPER FERNTREE GULLY",1
"1177","UPPER HERMITAGE",13
"1178","UPPER STURT",10
"1179","URAIDLA",10
"1180","URRBRAE",16
"1181","VALE PARK",94
"1182","VALLEY VIEW",292
"1183","VARSITY LAKES",1
"1184","VEITCH",1
"1185","VENUS BAY",1
"1186","VERDUN",9
"1187","VICTOR HARBOR",241
"1188","VIRGINIA",188
"1189","VIRIGINIA",1
"1190","VISTA",19
"1191","VIVONNE BAY",3
"1192","WAIKERIE",134
"1193","WAITPINGA",7
"1194","WALKER FLAT",4
"1195","WALKERS FLAT",2
"1196","WALKERVILLE",201
"1197","WALKLEY HEIGHTS",112
"1198","WALL FLAT",1
"1199","WALLAROO",214
"1200","WALLAROO MINES",17
"1201","WALTOWA",1
"1202","WAMI KATA",3
"1203","WAMURAN",1
"1204","WANBI",6
"1205","WANDEARAH EAST",3
"1206","WANDEARAH WEST",1
"1207","WANDILLO",1
"1208","WANDILO",10
"1209","WANGARY",3
"1210","WANILLA",2
"1211","WANNIASSA",1
"1212","WARBURTO",2
"1213","WARD BELT",10
"1214","WARNERTOWN",5
"1215","WAROOKA",5
"1216","WARRADALE",212
"1217","WARRAMBOO",1
"1218","WASHPOOL",1
"1219","WASLEYS",11
"1220","WATERFALL GULLY",3
"1221","WATERLOO",3
"1222","WATERLOO CORNER",82
"1223","WATERVALE",2
"1224","WATINUMA",2
"1225","WATTLE FLAT",2
"1226","WATTLE PARK",18
"1227","WATTLE RANGE",1
"1228","WATTLE RANGE EAST",1
"1229","WAYVILLE",229
"1230","WEBB BEACH",1
"1231","WEEROONA ISLAND",1
"1232","WELLAND",144
"1233","WELLINGTON",4
"1234","WELLINGTON EAST",6
"1235","WEMBLEY",1
"1236","WEPAR",1
"1237","WEST BEACH",239
"1238","WEST CROYDON",311
"1239","WEST HINDMARSH",98
"1240","WEST LAKES",757
"1241","WEST LAKES SHORE",103
"1242","WEST PYMBLE",2
"1243","WEST RANGE",5
"1244","WEST RICHMOND",85
"1245","WESTBOURNE PARK",68
"1246","WESTERN FLAT",4
"1247","WESTERN RIVER",4
"1248","WHITE HILL",9
"1249","WHITE RIVER",4
"1250","WHITE SANDS",1
"1251","WHITES FLAT",1
"1252","WHITES RIVER",1
"1253","WHITES VALLEY",6
"1254","WHYALLA",319
"1255","WHYALLA BARSON",20
"1256","WHYALLA JENKINS",65
"1257","WHYALLA NORRIE",1057
"1258","WHYALLA PLAYFORD",152
"1259","WHYALLA STUART",1180
"1260","WILD HORSE PLAINS",7
"1261","WILLALOOKA",2
"1262","WILLAMULKA",1
"1263","WILLASTON",142
"1264","WILLIAMSTOWN",47
"1265","WILLOW CREEK",2
"1266","WILLOWIE",1
"1267","WILLUNGA",58
"1268","WILLUNGA HILL",6
"1269","WILLUNGA SOUTH",6
"1270","WILLYAROO",4
"1271","WILMINGTON",9
"1272","WINDSOR",6
"1273","WINDSOR GARDENS",312
"1274","WINGFIELD",184
"1275","WINKIE",7
"1276","WINNINOWIE",1
"1277","WINTINNA",4
"1278","WINULTA",2
"1279","WIRRABARA",4
"1280","WIRREGA",1
"1281","WIRRINA COVE",5
"1282","WIRRULLA",7
"1283","WISTOW",5
"1284","WOGOLIN",1
"1285","WOKURNA",2
"1286","WOLSELEY",5
"1287","WONGULLA",2
"1288","WOODCHESTER",6
"1289","WOODCROFT",226
"1290","WOODFORDE",34
"1291","WOODLEIGH",1
"1292","WOODSIDE",55
"1293","WOODVILLE",255
"1294","WOODVILLE GARDENS",156
"1295","WOODVILLE NORTH",192
"1296","WOODVILLE PARK",222
"1297","WOODVILLE SOUTH",337
"1298","WOODVILLE WEST",259
"1299","WOOL BAY",2
"1300","WOOLOOWIN",1
"1301","WOOLSHEDS",4
"1302","WOOMERA",3
"1303","WORLDS END",1
"1304","WORROLONG",5
"1305","WRATTONBULLY",1
"1306","WUDINNA",21
"1307","WYE",3
"1308","WYNARKA",2
"1309","WYNN VALE",143
"1310","YACKA",2
"1311","YAHL",15
"1312","YALATA",69
"1313","YALLUNDA FLAT",1
"1314","YAMBA",1
"1315","YANCHEP",1
"1316","YANINEE",1
"1317","YANKALILLA",28
"1318","YANTANABIE",1
"1319","YARRAH",1
"1320","YARRAMBAT",1
"1321","YATALA VALE",4
"1322","YATINA",2
"1323","YATTALUNGA",8
"1324","YEELANNA",1
"1325","YELTA",1
"1326","YORKETOWN",9
"1327","YOUNGHUSBAND",3
"1328","YUMALI",2
"1329","YUNDI",1
"1330","YUNTA",4
"1331",NA,NA
